title,link,needs_wiki_page
A word on Super Mario Bros & cultural change üçÑ üçÑ üçÑ,https://www.youtube.com/watch?v=jvSMuzisgFE,yes
Volkswagen car locations and identities revealed due to security fail,https://www.youtube.com/watch?v=O_II378UoxY,yes
Pond Pump Showdown: $160 Jebao APP-9000 vs $326 Anjon Monsoon 5200,https://www.youtube.com/watch?v=sGy18rr_8LQ,no
FUTO Desktop Grayjay is here,https://www.youtube.com/watch?v=EnZrv37u66c,no
Honey scandal & How to become a REAL influencer!,https://www.youtube.com/watch?v=ksjzI-8Rz2w,yes
Mastergroove repair by Mend it Mark & an honest message to Tom Evans audio,https://www.youtube.com/watch?v=6hVe_spuJQI,yes
the cost of looking the other way,https://www.youtube.com/watch?v=wWIRCBNG3q0,yes
Malaysia's PM betrays reform promises: new Law enable warrantless searches & internet censorship,https://www.youtube.com/watch?v=-rnE6OzsYpU,yes
Louis Rossmann for FTC chair; I put my hat in the ring. Make it happen!,https://www.youtube.com/watch?v=B1mQB-KCL0I,yes
Tom Evans Audio doubles down on a bad decision,https://www.youtube.com/watch?v=qYpPNCzQCVQ,yes
"Tom Evans audio proves that their $30,000 audio preamp is garbage by filing a bogus copyright claim",https://www.youtube.com/watch?v=gJYIhLQJtTs,yes
What will you be remembered for?,https://www.youtube.com/watch?v=_hgWrXyDlHc,yes
Hoover streamline floor cleaners are designed to die; liquid flows over electrical contacts,https://www.youtube.com/watch?v=axfOwGM5y_8,yes
musings on my old home,https://www.youtube.com/watch?v=8DlByl84f9U,no
taking a quick break from writing the manual to say hi to a koi fish :),https://www.youtube.com/watch?v=c6zXVGXjtQA,no
Clinton the cat,https://www.youtube.com/watch?v=kn2-ExGNpsA,no
Food delivery EULA versus 7th Amendment: EULA wins. Bill of Rights loses,https://www.youtube.com/watch?v=f8YBk8Hyr9g,yes
"cleaning hudson bend texas part 4, riding a bike, testing camera/microphone, and an hour of rambling",https://www.youtube.com/watch?v=Nd0p1VxSRVQ,error
"Paralyzed man needs $100k exoskeleton to walk, mfg refused $20 battery repair & he couldn't walk",https://www.youtube.com/watch?v=Ocy2mXuD3AQ,yes
Steam altered the terms of the sale; you'll be happy they altered it further!,https://www.youtube.com/watch?v=1f81qXxggo8,yes
"Microsoft Surface Pro meets can opener, gets sent to Rossmann Repair for data recovery  üòûüò¢",https://www.youtube.com/watch?v=0ZH5bZRsWtY,no
Mazda requires $100+ subscription for remote start after filing DMCA takedown of open source program,https://www.youtube.com/watch?v=1n0AI5aemUY,yes
Thoughts for the next generation of activists; cleaning up hudson bend part 3,https://www.youtube.com/watch?v=XIZ9j1JAbxI,no
"ASUS charges customers for bootloader unlocking, which was initially advertised as free.",https://www.youtube.com/watch?v=yjz6x-YwI00,yes
we meet again,https://www.youtube.com/watch?v=ne5ubMXXaJE,no
"the importance of table flips in business & in life, cleaning up hudson bend part 2",https://www.youtube.com/watch?v=4gsyQgtrURw,error
"Don't ask motherboard repair people about pagers, we're clueless cleaning up Hudson bend part one",https://www.youtube.com/watch?v=EwU30i6cbYs,no
"I'm proud of my koi! üòÄ  I love my fishy, and they seem to love me  :) Be Proud of your koi!",https://www.youtube.com/watch?v=Urq0grfneoU,no
Hiding Forced Arbitration Inside Packaging: a new low.,https://www.youtube.com/watch?v=-5oxUH86XSA,yes
sleep,https://www.youtube.com/watch?v=Wf1th3vi53U,no
Malaysian Prime Minister tries to ban public DNS servers with anti-fascist/anti-scam fearmongering,https://www.youtube.com/watch?v=itj3Z43QAf8,yes
Amazon litterbox fatally harms cat; this is the sad end result of what I've talked about all year :(,https://www.youtube.com/watch?v=p6Y19nSPvC4,yes
"Ford patents method to spy on drivers to push them ads; no, really...",https://www.youtube.com/watch?v=5euh13nd10g,yes
Respect for LinusTechTips; he's EARNED it!,https://www.youtube.com/watch?v=qHwP6S_jf7g,yes
Polish schools get a taste of the Retroactively Amended Purchase Experience,https://www.youtube.com/watch?v=WEqzED6US-E,yes
the fishy that tried to change the terms of the sale,https://www.youtube.com/watch?v=gvmX760Ngeg,no
Peloton‚Äôs New Fee Punishes Secondhand Buyers ‚Äì This cannot be normalized!,https://www.youtube.com/watch?v=VnXH9dKSR5A,yes
"Amazon charges extra to avoid ads, says ""lol jk"" &  adds them anyway",https://www.youtube.com/watch?v=RSi6g5-xUaY,yes
"Amazon sells fake, dead Toshiba hard drives as new: detailed inspection & proof of their scam",https://www.youtube.com/watch?v=DeUNC7z5MM0,yes
How bootlickers make the world worse,https://www.youtube.com/watch?v=ga2gBFYXb1M,yes
DCS Uses False Privacy Claim to Silence Reviewer:  @WillProwse,https://www.youtube.com/watch?v=iIvnY0CAbJ0,yes
General Motors Caught Red-Handed: Texas Sues for Billions Over Decade-Long Data Theft,https://www.youtube.com/watch?v=seyvYETWf34,yes
BMW SaaS model; Suspension-as-a-service. It's time to start pirating cars.,https://www.youtube.com/watch?v=Q7_4OBm7IJ8,yes
Disney creates best argument for piracy in a century,https://www.youtube.com/watch?v=ikA9KkiTH-c,yes
Disney thinks streaming service arbitration clause removes liability for Epcot patron's death ü§¶,https://www.youtube.com/watch?v=eUO59pw3r6k,yes
How Intel's oxidation scandal screws everyone,https://www.youtube.com/watch?v=UvfT0K9t5zQ,yes
This car headlamp has cryptographic keys that restrict repair. HEADLIGHTS DO NOT NEED CRYPTOGRAPHY!!,https://www.youtube.com/watch?v=Xlzf96PQC3A,yes
"FUTO, my job, and frustrations with the vocal minority of FOSS cancer",https://www.youtube.com/watch?v=iIr8Bk8QOHE,yes
"Data recovery at Rossmann Repair performed by the man, the legend: CHRIS :D",https://www.youtube.com/watch?v=FUIt9YdO1j8,no
Recalling better times,https://www.youtube.com/watch?v=vpV1FS-gRZw,yes
$200000 to Mobility Independence Foundation;  Thomas Quiter's guide through the wheelchair industry,https://www.youtube.com/watch?v=cb_e-wQEC-w,error
DCS' lawsuit against youtuber who reviewed their product gets funnier & funnier,https://www.youtube.com/watch?v=AsXxN3iyV2M,yes
Schrodinger's Privacy: Best Buy Needs Your Data to Stop Selling Your Data,https://www.youtube.com/watch?v=aI4KE1HwDuE,yes
Amazon allows fraudulent product page after manual review! Deep dive on Amazon's support of scams,https://www.youtube.com/watch?v=qZCMislL6_I,error
"Response to harsh criticism of ""Stop Killing Games"" from Thor of @PirateSoftware",https://www.youtube.com/watch?v=TF4zH8bJDI8,yes
Seagate Rosewood heads swap + Corrupt MCMT Table repair for data recovery at Rossmann repair!,https://www.youtube.com/watch?v=fkCxjlCDN9o,no
"Ross Scott's campaign on ownership of games: my high respect for the man & RUDE, UNSOLICITED ADVICE!",https://www.youtube.com/watch?v=3SgTf_ghiRU,error
Hoover vacuum warranty policy is a degrading scam,https://www.youtube.com/watch?v=HC62cn-02Ps,error
"Amazon finally held accountable for dangerous, scam products!",https://www.youtube.com/watch?v=ydrLBIACm_c,yes
Man sued for YouTube product review reinstates video in blow to Deep Cycle Systems.,https://www.youtube.com/watch?v=d37BG0O0mFk,yes
Reddit‚Äôs CEO helps Google ruin the internet - F spez,https://www.youtube.com/watch?v=Nwh8SPcJEkk,yes
"Clickbait? Nah fam this *OEM* bait!! For each RANT video, you get 1 equal & opposite FISH video! üòä",https://www.youtube.com/watch?v=nHVRDYDH6QE,no
Splice DMCA strikes @TopMusicAttorneyfor reading terms of service to censor LEGITIMATE criticism ü§¶,https://www.youtube.com/watch?v=IToSiBBz_38,yes
Louis trains Piranhas to destroy anti-ownership corporate executives,https://www.youtube.com/watch?v=tc0cqoFXGIg,no
Redbox revokes access to all purchased movies & TV: Piracy is completely justified,https://www.youtube.com/watch?v=RtTdOBCLsyo,yes
DCS sues Small YouTuber for accurate product review showing battery issues & misleading warranty,https://www.youtube.com/watch?v=_QNMVMlx48E,yes
Photobucket Is Using Biometrics To Sell Your Photos to train AI and opting you IN by default,https://www.youtube.com/watch?v=GmomyEZ69iQ,yes
This LG washing machine sells your personal data ü§¶,https://www.youtube.com/watch?v=3suztVz8s7s,yes
Youtube is intent on destroying itself: @hickok45 could use your support,https://www.youtube.com/watch?v=w9SYFwRJrxs,yes
Coldfusion/Louis Rossmann 1 hour special,https://www.youtube.com/watch?v=Nl-dK9ekims,error
$600 Thermaltake chair has NO replaceable/repairable parts & GARBAGE staff,https://www.youtube.com/watch?v=j-QUARSh5Ss,yes
Amazon sellers bribe customers for good reviews; Amazon does nothing,https://www.youtube.com/watch?v=eS698R-bxuc,yes
A hard drive data recovery that was no fun,https://www.youtube.com/watch?v=XYselv5zofI,no
"BMW provides ""free trial"" for highbeam control ü§¶",https://www.youtube.com/watch?v=ypt1u-0YBFg,yes
A basic hard drive data recovery walkthrough at Rossmann Repair,https://www.youtube.com/watch?v=hsaO71ZG8uY,no
Shoes have APPS now(and Nike discontinues them after purchase)  @Dr_Evil_Genius,https://www.youtube.com/watch?v=5cMldKmTk0Y,yes
Automaker with cloud sunroof goes bankrupt; this is ridiculous ü§¶ü§¶‚Äç‚ôÇÔ∏èü§¶‚Äç‚ôÄÔ∏è,https://www.youtube.com/watch?v=5o3u6TreiWA,yes
"a word on negativity, ""complaining"", & useless critics",https://www.youtube.com/watch?v=8PDxvIxeH3Q,yes
Tesla's cybertruck warranty is what happens when consumer protection is a joke,https://www.youtube.com/watch?v=lzdIjCzKhfM,yes
GET THE F`K OUT OF MY HOUSE,https://www.youtube.com/watch?v=w_mQFkWGOVo,no
Louis makes up speech on the spot for work conference after forgetting he was supposed to write one,https://www.youtube.com/watch?v=-JWpSyaUP-k,yes
Manufacturers give middle finger to right to repair law: part two,https://www.youtube.com/watch?v=xgtwJlZxhNY,yes
"When Right to Repair laws take effect, part 1",https://www.youtube.com/watch?v=652ibqTeYc0,yes
car manufacturer requires ability to suck up personal data for fusebox card,https://www.youtube.com/watch?v=T4MR3FtABko,yes
Solving Google's Keyboard Privacy Issue: Introducing Offline voice to text & keyboard from FUTO,https://www.youtube.com/watch?v=GYX92lLpZ20,yes
Uncovering Every Lie in MKBHD's Softball Interview; a scathing critique of 'brand safe' influencers,https://www.youtube.com/watch?v=Z0DF-MOkotA,error
Shark vacuum cleaner makes the only modern product that DOESN'T suck,https://www.youtube.com/watch?v=A1wnvztYIwY,yes
"a pretty cloud, and a happy duck",https://www.youtube.com/watch?v=5en96GIijXk,no
"Imagine paying a $50,000 fine to sell your car...",https://www.youtube.com/watch?v=XNPmahwV0NQ,yes
Private investigator sent to man's house for modifying legally purchased handbags,https://www.youtube.com/watch?v=ZI037QiGRQI,yes
A nice gift,https://www.youtube.com/watch?v=8zAANBYwA1w,no
"Amazon Claims Reviews Can Be Trusted, & an Amazon Speaker Cable Review",https://www.youtube.com/watch?v=x8LVOhv7lHs,yes
Adobe gets sued by FTC for roofying customers with hidden fees; GOOD! üòÇ,https://www.youtube.com/watch?v=NADJBSKjlgE,yes
Youtube is dedicated to making this website worse; destroys sponsorblock with ad injection changes,https://www.youtube.com/watch?v=weP62wPEjRw,yes
moviesanywhere.com changes TOS and opts you in without implicit consent,https://www.youtube.com/watch?v=JR8_SAcFF5g,yes
Sonos removes restriction on selling personal data & forces users to accept new TOSü§¶,https://www.youtube.com/watch?v=WwFIIeV4sdw,yes
"Louis rips Adobe to shreds over their garbage response, because they deserve it",https://www.youtube.com/watch?v=cayIOCg24bE,yes
GoPro's false advertising screws over customers who believed their device was waterproof,https://www.youtube.com/watch?v=XW_jl6tR1EA,yes
Adobe roofies all of their customers,https://www.youtube.com/watch?v=EXxMCm941WA,yes
"YouTube loves scammers, but they hate you.",https://www.youtube.com/watch?v=Maeh4Qhhpwk,yes
why bad activists suck,https://www.youtube.com/watch?v=cir-gJDcC1o,no
"Google follows Samsung, asserts the right to steal your phone during a repair",https://www.youtube.com/watch?v=2n4y9mrep9Y,yes
Louis loses mind @ greenwashing scam - 63 page climate report from Spotify after destroying hardware,https://www.youtube.com/watch?v=1OxMnWrGyL8,yes
Samsung punishes customers for being loyal by bricking their devices ü§¶‚Äç‚ôÄÔ∏è,https://www.youtube.com/watch?v=fWQ5hPN1tT4,yes
Singapore police jail woman based on data stored in car infotainment system: it can happen here.,https://www.youtube.com/watch?v=wcxCJbNrvzQ,yes
How Spotify destroyed Car Thing: 'You Will Own Nothing' & what to do about It,https://www.youtube.com/watch?v=ONxtLqGG32Q,yes
Louis rips CTIA and Samsung to shreds - because they deserve it,https://www.youtube.com/watch?v=uNIcJhy8L44,yes
Wifi water heater can be activated by anyone who knows your email,https://www.youtube.com/watch?v=bkh_erWSn6I,yes
"Apple iCloud ""thinks different"" on what the delete button means: still claims repair hurts privacy üòÇ",https://www.youtube.com/watch?v=w7j5Lb8EFf8,yes
Piracy is MORALLY JUSTIFIED after Telstra Locked Customer Purchases Behind New Hardware,https://www.youtube.com/watch?v=f1DvOF-giJQ,yes
ASUS breaks your ROG Ally if you don't pay $200 for warranty repairs: SCAMMING COMPANY!,https://www.youtube.com/watch?v=NHQqKi9NcTs,yes
FUTO funds Immich with 3 year commitment: the best image gallery software,https://www.youtube.com/watch?v=uyTPqxgqgjU,error
The unfixable 8000 dollar stove; Shame on Aga and the Rayburn.,https://www.youtube.com/watch?v=r6Sp7O28I54,yes
I made a friend,https://www.youtube.com/watch?v=oS6P5x4EJLU,no
"Helldivers 2 is Sony's ""screw you""",https://www.youtube.com/watch?v=I2VA0eum6w4,yes
Why I use the R word to describe manufacturers with no regrets,https://www.youtube.com/watch?v=hieoUkUiFbg,yes
Amazon Hikes Profits by Forcing Ads on PAID Prime Subscribers,https://www.youtube.com/watch?v=ua_QL9YysHQ,yes
Youtube's Legal Team sent me a letter! üòÉ,https://www.youtube.com/watch?v=dqTYg6vnQvw,yes
No Escape: EVERY US Carrier Sold Your Location Data with 0.02% Penalties from the FCC!,https://www.youtube.com/watch?v=mdZt7ox1DDs,yes
FTC bans non-competes: a business owner's thoughts,https://www.youtube.com/watch?v=c7Vq83ua1Gs,yes
This is informative & unfortunate; BwE Bans Legit Customers of repair software with NO REFUND!,https://www.youtube.com/watch?v=2_ftVGN-09I,yes
How abusive business practices creep in & how to stop it,https://www.youtube.com/watch?v=MMCyPVeMm74,yes
Apple‚Äôs New Repair Policy: one step forward after twenty steps back,https://www.youtube.com/watch?v=VSapVTYpE00,yes
Texas Medical Malpractice Immunity & Dr. John Uecker,https://www.youtube.com/watch?v=fRS7grDDxIk,yes
Banks start using purchase history for targeted ads ü§¶,https://www.youtube.com/watch?v=VCiXu6S6vEw,yes
Forced arbitration & an American History lesson: why it's time for 1776 to happen again.,https://www.youtube.com/watch?v=LFIqQaCgGvE,yes
"$200,000 for open source wheelchairs; Mobility Independence Foundation,  Thomas Quiter",https://www.youtube.com/watch?v=eaAj59025Kk,error
An unhinged rant on repair shop customer service & Apple OEM parts,https://www.youtube.com/watch?v=N9Ubk2Z4nMk,yes
"Apple cancelling Jon Stewart was shortsighted & petty, did Apple expect he wouldn't discuss them?",https://www.youtube.com/watch?v=I7aCDesOWdk,yes
Edison Motors gets screwed by very fishy British Columbia Government grantmaking process,https://www.youtube.com/watch?v=NLN7BSSgltA,yes
"Roku Plans to Inject Ads via HDMI: Adblocking is COMPLETELY JUSTIFIED, and your duty as a citizen",https://www.youtube.com/watch?v=narqU0RruJY,yes
Cloud Camera Breach Fallout: More Forced Arbitration ü§¶‚Äç‚ôÇÔ∏èü§¶‚Äç‚ôÇÔ∏èü§¶‚Äç‚ôÇÔ∏è,https://www.youtube.com/watch?v=3OobgIx-Wf0,yes
I Fixed A Vibrating Bed Remote üòÉ,https://www.youtube.com/watch?v=_j7ouVH7-W8,error
Forced Arbitration On SOCKS! Purposely Difficult Opt Out Scam Explained,https://www.youtube.com/watch?v=670rwHz1WV8,yes
"Credit Card Scam:How American Airlines & Citi Trick You into LOSING, Not Saving!",https://www.youtube.com/watch?v=fiURiiJbvU4,yes
Pixel's Hidden Risk: Google's Arbitration Clause & Defective Phone Sales,https://www.youtube.com/watch?v=wp_EtQPB1ok,yes
Vultr Claims Rights to Sell Your Data & Programs?,https://www.youtube.com/watch?v=LGwvLB7rhCE,yes
"Is All Piracy Equal? Exploring Gray Areas: When Is It REALLY ""Stealing"" ??",https://www.youtube.com/watch?v=7yo8av6w4sc,error
Amazon is justifying the piracy of books,https://www.youtube.com/watch?v=Ux7pdWFo7hY,yes
"Blizzard locks you out of account if you don't agree to new terms; no ownership, forced arbitration",https://www.youtube.com/watch?v=5YU8xw_Q_P8,yes
"EVGA's Oversight: Unannounced Changes Destroy PCs, EVGA takes NO ACCOUNTABILITY",https://www.youtube.com/watch?v=2cHDyq5hRk4,yes
"meet steve, and wish him luck",https://www.youtube.com/watch?v=qa0yz_9upiY,no
Squatter gets NYC homeowner kicked out of her own house - who actually owns this house?,https://www.youtube.com/watch?v=6FFdbbcj4Ao,yes
You'll be safe if I don't pay for your panini,https://www.youtube.com/watch?v=0mg5MiO02vU,no
"Roku's Data Breach Nightmare & Forced Arbitration Scandal, Why They Held Your TV Hostage",https://www.youtube.com/watch?v=hgV9VWeCnN4,yes
General Motors sells detailed driver logs without your consent,https://www.youtube.com/watch?v=uONAbvX_KRg,yes
Roku's Ransom: Agree to Forced Arbitration or Lose Your TV!,https://www.youtube.com/watch?v=AddtrV6UFFs,yes
"Unlocking a Moto phone's bootloader voids your right to sell your phone - no, really....",https://www.youtube.com/watch?v=U2k9D81fbpA,yes
LG's Broken Promise: How Consumers Got Screwed Out of Their 10-Year Warranty,https://www.youtube.com/watch?v=Km-QqU5Pk84,yes
Wyze cameras let other people view her home: why cloud security is an oxymoron,https://www.youtube.com/watch?v=RkZl7FBipXA,yes
Don't plug your dildo into the wrong port,https://www.youtube.com/watch?v=rr0pzCobIXg,yes
Lenovo wants you to stop buying used PCs because they may have viruses on them üòÇüòÇüòÇ,https://www.youtube.com/watch?v=Ahw1cppZi-g,yes
"Google Bard Says Yes, Google Director Says No: Hypocrisy from a garbage company.",https://www.youtube.com/watch?v=uSxOkP9JUtg,yes
Samsung purposely knives customer's TV to weasel out of repair,https://www.youtube.com/watch?v=cyWlACuhqNg,yes
Do you value yourself more than a broken Macbook?,https://www.youtube.com/watch?v=Iweb7kPvdYI,no
in response,https://www.youtube.com/watch?v=KJ42f-tV_3w,yes
"Privacy, safety, security  ü§°",https://www.youtube.com/watch?v=i-tgNOJyLTY,yes
HP claims you'll get viruses from not using their ink üòÇ,https://www.youtube.com/watch?v=7h6J1wI4GKU,yes
UnitPackPower gets banned from the UK ü§£,https://www.youtube.com/watch?v=shAbm1tpukM,yes
Ubisoft Unveils the Future of Not Owning Games,https://www.youtube.com/watch?v=o7wl6qYNrJc,yes
Apple's EPIC malicious compliance validates the IRP program being a sham,https://www.youtube.com/watch?v=PJUb3ElwmQc,yes
"Cable Companies Claim Adding ‚ÄùCancel"" Button To Website Would Cost 100 MILLION DOLLARS ü§£",https://www.youtube.com/watch?v=Dg1zeY-iRDc,yes
"Haier Attacks Home Assistant, Destroys Open Source Project: NEVER Buy Their Air Conditioners!",https://www.youtube.com/watch?v=RcSnd3cyti0,yes
Ubisoft suggests you become comfortable not owning games: why people are annoyed.,https://www.youtube.com/watch?v=6xxOiHZbB68,yes
"Adblock bug, see pinned comment",https://www.youtube.com/watch?v=SkRlfB_iz3E,yes
Amazon's Reckless Bet: Hazardous Items Unfazed by Viral Scare,https://www.youtube.com/watch?v=7trdHLtsFKM,yes
Google supports right to repair? Think again.,https://www.youtube.com/watch?v=rV5bBSZX00E,yes
The Right To Hate Your Job Shall NOT Be Infringed!,https://www.youtube.com/watch?v=3zeo__qqAi4,no
Modern Recycling Is a Scam: How R2 Standards Encourage E-Waste,https://www.youtube.com/watch?v=CJ8BjHOdI8g,yes
Beyond Algorithms: Why Amazon's Automated Systems Fail Sellers & Customers,https://www.youtube.com/watch?v=tAaSXz8CBMc,yes
"Hyundai, Why Does an Ioniq Battery Cost $60,000?",https://www.youtube.com/watch?v=unPVf0sqAKI,yes
Amazon Sells Fake Electrical Fuses,https://www.youtube.com/watch?v=B90_SNNbcoU,yes
Ford Mustang Mach-E's Software Glitch Could Leave You Stranded,https://www.youtube.com/watch?v=u-EMOLmTZIo,yes
Ads on Amazon Prime Video: Paying More for Less? üòí,https://www.youtube.com/watch?v=VLFpU9aqtXc,yes
Sony & Discovery change mind on stealing from customers,https://www.youtube.com/watch?v=6bpzyz5kf_A,yes
SiriusXM thinks they have a right to your money,https://www.youtube.com/watch?v=fmSAIh4XhDw,yes
Tesla removes Disney+ after cursing out Disney CEO: why automakers removing carplay matters,https://www.youtube.com/watch?v=Jgn9APh6UY0,yes
Amazon's Illusion of Quality: How Dangerous Products Get Top Ratings!,https://www.youtube.com/watch?v=DiKflg8Uko4,yes
GM gets rid of Carplay and Android Auto for your safety,https://www.youtube.com/watch?v=qhh4rzImufs,yes
Amazon Sells Dangerous Electrical Crimps,https://www.youtube.com/watch?v=y83BS_mK9GE,yes
"""innovation"" is a dog whistle for screwing you over",https://www.youtube.com/watch?v=ap-uZDnTSzk,yes
The Truth About HP: What Their Ads DON'T Tell You!,https://www.youtube.com/watch?v=iuhuHwxlkjs,yes
"Reason studios demonstrates why piracy is completely justified by disabling paid, lifetime licenses",https://www.youtube.com/watch?v=YAx3yCNomkg,yes
"Forget about Sony and Netflix, there's DRM in public trains now....",https://www.youtube.com/watch?v=w8NqBXT6Kos,yes
New York swings & misses again,https://www.youtube.com/watch?v=bRGj052EPEU,yes
Sony Steals Customers' Purchased Content - Piracy is COMPLETELY JUSTIFIED!,https://www.youtube.com/watch?v=krXH8jXefqE,yes
Farmers win again: John Deere's dismissal request DENIED!,https://www.youtube.com/watch?v=CSAPY5mYm3E,yes
"Onewheel Fears Fair Play: Future Motion Sues Floatwheel, A Repair-Friendly Competitor",https://www.youtube.com/watch?v=Hl-nTvA9jWA,yes
Cloud connected cameras are a scam - VAVA & SunValleyTek disable products after the sale,https://www.youtube.com/watch?v=fAHXUcYhDj0,yes
Onewheel's Latest Update is Costing Riders Big ‚Äì FM bricks boards & takes NO accountability!,https://www.youtube.com/watch?v=Wln7kMJsWkg,yes
Youtube confirms intentional slowdown of adblock users ü§¶‚Äç‚ôÇÔ∏è,https://www.youtube.com/watch?v=KMLMQRS3Krk,yes
Apple laptops are destroyed by specs of dust: news finally notices,https://www.youtube.com/watch?v=AH5F73qPtQQ,yes
Is Youtube making firefox load slow on purpose?,https://www.youtube.com/watch?v=_x7NSw0Irc0,no
Piracy is COMPLETELY justified: Louis tries NetFlix & remembers why,https://www.youtube.com/watch?v=o4GZUCwVRLs,yes
Judge rules it's legal for automakers to download & store your text messages under WA privacy law,https://www.youtube.com/watch?v=ugaqByoDr3c,yes
"NYC Doctor fined $100,000 for fake reviews thanks to @fakereviewwatch",https://www.youtube.com/watch?v=6khdlewOjjk,yes
Youtube's AdBlock detection might break the law in the EU,https://www.youtube.com/watch?v=fqhPUmyrfGI,yes
Private Prison Lobbyist says Right to Repair is bad for black peopleü§¶‚Äç‚ôÇÔ∏è this has to be a joke....,https://www.youtube.com/watch?v=W6DB0Oo81OE,yes
"New York Fined Me $15,000: You Won't Believe My Response! üòÄ",https://www.youtube.com/watch?v=1pwym1VUfl0,yes
YouTube's adblock war is backfiring in the worst way possible ü§£,https://www.youtube.com/watch?v=_GARcKCaUfI,yes
A rant on entitlements & tipping culture,https://www.youtube.com/watch?v=Fm6Mrkw2_Bw,no
Charlie Brown's words age like milk; CTA's lying lobbyists never get held accountable üò¢,https://www.youtube.com/watch?v=4BGAc6tBClk,yes
Mazda files false DMCA takedown notice to intimidate open source programmer ü§¶,https://www.youtube.com/watch?v=MirpRkmruOg,yes
"Samsung disables customer phones remotely, holds data hostage until Mexican government stepped in",https://www.youtube.com/watch?v=Ln4rsxWq3WM,yes
"When EV makers go bankrupt, what happens to the car?",https://www.youtube.com/watch?v=l27_75pDvd4,yes
Tesla bills customer $21000 for driving through the rain while they're still in warranty ü§¶,https://www.youtube.com/watch?v=pka9KaQh7DA,yes
Louis opens a love letter from NYC üòÉ,https://www.youtube.com/watch?v=2RwAFWDlkLM,yes
New York wants to demand criminal background checks for 3D printer purchases ü§¶,https://www.youtube.com/watch?v=EknWd3rtdR8,yes
"do not trust me: what I got wrong about Nissan, privacy policy, car surveillance & more",https://www.youtube.com/watch?v=eKupBBoRn5A,yes
"Roast me, I spent almost $10000 on a bed. Will I still look like a raccoon in a month?",https://www.youtube.com/watch?v=ulgWSfedC7E,no
JBC's handling of DDE-1C issues is informative & unfortunate üòû,https://www.youtube.com/watch?v=ZWdCaBTXIus,yes
YouTube blocks adblockers; will this be their downfall?,https://www.youtube.com/watch?v=DMaFH4KzOVg,yes
Gavin Newsom signs Right to Repair into law,https://www.youtube.com/watch?v=yXyxwp2-Owo,yes
HP is scraping the bottom of the barrel,https://www.youtube.com/watch?v=ACX_VfsjkZA,yes
the most important clickbait you'll ever click,https://www.youtube.com/watch?v=D-szlVc0jk8,no
they made a $400 baby monitor a subscription...,https://www.youtube.com/watch?v=nigJMu0lUbM,yes
This voice application gives Google less access to your data,https://www.youtube.com/watch?v=UCGaKvZpJYc,yes
Youtube bans 3D print channel after manually reviewing its videos as suitable for monetization ü§î,https://www.youtube.com/watch?v=R-QtwGfILTo,yes
"Feeding koi fish: a how-to guide by Louis Rossmann, featuring his koi fish pond",https://www.youtube.com/watch?v=kS6DIqTtW1s,error
Stop leaving location on & signing into gmail to use Google search,https://www.youtube.com/watch?v=jbqT2ghXGeA,yes
New Yorker encounters something he's never experienced after leaving NYC,https://www.youtube.com/watch?v=4EwV-eMHZfI,no
All Onewheels have been recalled,https://www.youtube.com/watch?v=Q_Mk-5XkSmY,yes
Planned obsolescence isn't real,https://www.youtube.com/watch?v=5psUktwYgt0,yes
Trump's New York fraud ruling sets precedent that lying about square footage is wrong? ü§£,https://www.youtube.com/watch?v=h8Rq5CJBWnk,yes
Philips changes terms after the sale: requires data-sharing account to use a light bulb...,https://www.youtube.com/watch?v=vR2j-r3pmng,yes
LA Fitness gym cancel scam - fight for the right to cancel!,https://www.youtube.com/watch?v=w6gF1z3WkWU,yes
We beat Apple at their own game - let the unauthorized calibrations begin,https://www.youtube.com/watch?v=Lxo6l_whDeE,yes
Why you should never buy Sony earphones until they fix battery defects!,https://www.youtube.com/watch?v=u525qqRHonM,yes
"I wish this were a joke, but it's not",https://www.youtube.com/watch?v=AYHeKwSN2bc,yes
Asrock should be fined for breaking the law,https://www.youtube.com/watch?v=zy5I2CnM_38,yes
Reflections on losing: 15 years in professional repair,https://www.youtube.com/watch?v=oMPxr7I90JM,yes
A1989 Macbook Pro with destroyed PMIC gets a logic board repair,https://www.youtube.com/watch?v=xYkIMVW-dRA,error
Google admits to manufacturing unrepairable junk,https://www.youtube.com/watch?v=m8_IlmqqJyE,yes
The Ford F150 Macbook - when car repair resembles macbook repair...,https://www.youtube.com/watch?v=w2rf4cZXYwg,yes
A useful tool from ACELAB; A1708 Macbook SSD adapter,https://www.youtube.com/watch?v=USvt5MNUnKE,no
"Macbook not charging battery, logic board repair",https://www.youtube.com/watch?v=mZDQvuRIMaQ,error
Right to Repair passes assembly in California: something is off about this....,https://www.youtube.com/watch?v=NfhFBSraDSM,yes
My thoughts on framework after daily driving it for 2 years,https://www.youtube.com/watch?v=6Sw06swtgY0,yes
Louis Rossmann's first ad read,https://www.youtube.com/watch?v=tFGjRYb7I1A,no
"BMW stops heated seat subscriptions, misses the point on why consumers are mad",https://www.youtube.com/watch?v=dTlgRTkPLBo,yes
https://youtu.be/eKupBBoRn5A,https://www.youtube.com/watch?v=OYcmF9IAJbU,yes
LA Fitness' cancellation process is a scam,https://www.youtube.com/watch?v=XdQHuLHBP6g,yes
Brondell refuses to provide service manual to $500 toilet seat; right to a clean sphincter DENIED!,https://www.youtube.com/watch?v=iLEiue_NqGE,yes
Scientology opposes Right to Repair - this is where I call it quits...,https://www.youtube.com/watch?v=2rQ62s87jvw,yes
Biden administration reverses its sabotage on right to repair??,https://www.youtube.com/watch?v=gLMzS4rjiZ0,yes
Apple quotes customer $1075 to replace every part BESIDES the bad one ü§£,https://www.youtube.com/watch?v=dUfQYr5wQT4,yes
Barlus HD aquarium camera for coy fish streaming :),https://www.youtube.com/watch?v=q02_VIq81ZA,no
Apple now supports Right to Repair,https://www.youtube.com/watch?v=0tB3t7xGWjk,yes
John Deere caught sabotaging competitors & customers LIVE on recording - and they're PROUD of it!,https://www.youtube.com/watch?v=uE9X4Vx3xb0,yes
"New gadgets sales are down, is it any surprise why?",https://www.youtube.com/watch?v=aypukOqFFE8,yes
HP sued over scanner that requires ink; their defense is ridiculous,https://www.youtube.com/watch?v=J_XiaMzzZUo,yes
my new store comes with a new friend,https://www.youtube.com/watch?v=Pr6ErryZKb8,no
"Louis reads Apple fan reactions to video on soldered in SSDs, and himself!",https://www.youtube.com/watch?v=i4pPhyhHs2Y,error
"If non-compete agreements aren't overreach, then how is banning them?",https://www.youtube.com/watch?v=Vr7BIinHqu4,yes
EPA destroys 7 years of John Deere BS with one letter :) - VIVA RIGHT TO REPAIR!,https://www.youtube.com/watch?v=EOCt5YnePTQ,yes
The design of Apple's soldered in SSDs is worse than I thought!,https://www.youtube.com/watch?v=RYG4VMqatEY,yes
Kai Cenat did not incite a riot; NYC's residents & toxic culture did,https://www.youtube.com/watch?v=PaurP7Grwgo,error
Amazon sells EOL devices as new after banning independents for quality control ü§£,https://www.youtube.com/watch?v=Rhb0ID9z4aE,yes
Apple's soldered-in SSDs are engineered in the worst way possible,https://www.youtube.com/watch?v=0qbrLiGY4Cg,yes
Apple exec's latest interview is a pile of greenwashed BS,https://www.youtube.com/watch?v=7k4AV7N5g3U,yes
"Liquid damaged Macbook repair in Austin, with Louis Rossmann üòä",https://www.youtube.com/watch?v=TIsx4JXl_yw,no
VISA to audit & fine small businesses for passing on increasing fees.,https://www.youtube.com/watch?v=6an5ZP4Vnzg,yes
Purism wants me to delete my video exposing their refund scam & delay tactic - answer is no,https://www.youtube.com/watch?v=-IjUryQOlgk,yes
Apple Pencil doesn't draw straight on repaired iPads; the engineer's perspective vs. the repairman's,https://www.youtube.com/watch?v=MUifN6abtSI,yes
Apple refers customer to drivesavers for a $3000 screen repair.,https://www.youtube.com/watch?v=OVZTBhVV5tI,yes
NYC's toxic ebike culture almost killed 4 people; let's talk about it.,https://www.youtube.com/watch?v=nrtLWilSoNI,yes
"Purism ghosts Librem 5 customer, lies about refund policy - avoid this horrible company",https://www.youtube.com/watch?v=wKegmu0V75s,yes
Drone users: reject remoteID!,https://www.youtube.com/watch?v=BAiQnq6h6ao,yes
Texas HB 2127; my thoughts as a businessman & new Texan,https://www.youtube.com/watch?v=MhyEFTwZPUo,yes
"a guide to developing real, lasting confidence",https://www.youtube.com/watch?v=RGsi-a_WBGs,no
‚Äã@EEVblog tries Youtube's payola scam; stay away from this,https://www.youtube.com/watch?v=ejVDwP1kswA,yes
Youtube wants us to pay for views - this platform is circling the drain,https://www.youtube.com/watch?v=7wFqblQY6Dk,yes
Google's attempt to DRM the web should fail,https://www.youtube.com/watch?v=0i0Ho-x7s_U,yes
New York is still fining me a year after I moved away,https://www.youtube.com/watch?v=JjH_5luOu50,yes
"Samsung ""repair"" page suggests you buy a new phone....",https://www.youtube.com/watch?v=2K2tIyAK-Kg,yes
"iPhone's design flaw shows that 10 years later, their engineering is still a joke",https://www.youtube.com/watch?v=44DEgUXREUQ,yes
EU demands video game system batteries be EASILY USER REPAIRABLE - GOOD!,https://www.youtube.com/watch?v=mTqA3hjcqeU,yes
The advertising industry calls us extremists; are you one too?,https://www.youtube.com/watch?v=akeRz7ouICQ,yes
Apple & Amazon pay a fine for trashing the refurbished market,https://www.youtube.com/watch?v=h3qgbvq2SWs,yes
An honest message to Apple inc,https://www.youtube.com/watch?v=QiClmSLuLXs,yes
People's misconceptions of EVs based on poor experience with bad manufacturers,https://www.youtube.com/watch?v=UMSIdqdIldw,yes
stripe adds more fees to the small business experience,https://www.youtube.com/watch?v=2QsYzdqkNzE,yes
LG increasing revenue through subscriptions and advertising; here's to Luddite pride,https://www.youtube.com/watch?v=G1iAGvu1kks,yes
InfluxDB teaches customers an important lesson,https://www.youtube.com/watch?v=krAwJPwaueA,yes
this company is designing a GPLv3 laptop motherboard,https://www.youtube.com/watch?v=-4KoUAW3kyI,yes
New Xbox SSD interface is horribly anti repair,https://www.youtube.com/watch?v=Bbmzp-rqwfU,yes
Debunking automaker propaganda; why HR906 right to repair bill is a good thing,https://www.youtube.com/watch?v=lqRRDZggIx4,yes
Privacy focused YouTube client delisted from Google search results,https://www.youtube.com/watch?v=JgNArdQhoH4,yes
"Steam forcing updates to Win 10/11 to play games - do you actually ""own"" games bought through Steam?",https://www.youtube.com/watch?v=64mA97ZPt1Y,yes
Erica Lindbeck's dilemma; Self ownership in the world of AI,https://www.youtube.com/watch?v=yB662JQJ_hU,yes
Youtube has much bigger problems than adblock now...,https://www.youtube.com/watch?v=hWJrsz_cmas,yes
Elon Musk's complaint says the quiet part out loud,https://www.youtube.com/watch?v=waLMfXLBBlQ,yes
"Elon Musk calls fired employees useless, then threatens competitor for hiring them",https://www.youtube.com/watch?v=9aSI8ZRpCys,yes
French Bill allows remote access to your phone without your consent,https://www.youtube.com/watch?v=lGB47HC6Na8,yes
Small businesses keep getting nickeled and dimed,https://www.youtube.com/watch?v=GkndjhBUjPc,yes
Rockstar takes items out of game customers already paid for & puts them behind subscription paywall,https://www.youtube.com/watch?v=tkmOddW1vu8,yes
Youtube adblocker gives Google the finger on their own platform,https://www.youtube.com/watch?v=ALvky_4mJpM,yes
Youtube goes to war with ad blockers - how companies die,https://www.youtube.com/watch?v=fcXTlobPCQw,no
Reddit screws over blind community - a lesson on road rage in business,https://www.youtube.com/watch?v=JdAOAmaMIL8,yes
A sponsored video by Zoom communications,https://www.youtube.com/watch?v=Nzt0tzsaWDE,yes
I was wrong about Amazon,https://www.youtube.com/watch?v=xzR0vL913vE,yes
Autodesk screws customers by turning lifetime licenses into subscriptions,https://www.youtube.com/watch?v=OHY9K8X45XA,yes
Altruism blunts the pain of failure; why you should clean up your corner of the world,https://www.youtube.com/watch?v=_VEfubSOI2I,yes
"How to fight hard-to-cancel subscriptions and WIN! Not sponsored, just truth.",https://www.youtube.com/watch?v=Ur_svGeReDg,yes
Hyundai sets themselves apart as an anti-subscription car manufacturer,https://www.youtube.com/watch?v=8VYT8Plcv9s,yes
Planned obsolescence comes to brain implants; the dystopian future we are creating is scary,https://www.youtube.com/watch?v=3o0B2IuS8gs,yes
Android's slow creep towards being closed source continues on - open source elements deprecated,https://www.youtube.com/watch?v=-QSr5eKjMjA,yes
Samsung is a GARBAGE company!,https://www.youtube.com/watch?v=l-8qqkCbo3U,yes
"If you wait until a problem affects YOU to take action, it'll be too late!",https://www.youtube.com/watch?v=7IUWOOyY6o8,yes
Car dealers charging customers to diagnose warranty problems; is this right?,https://www.youtube.com/watch?v=CPC1HMafxoQ,yes
Reddit breaks the law to quell protests - spez has gone too far,https://www.youtube.com/watch?v=mfZKkUg8jgM,yes
Samsung authorized repair is a clown show; why good technicians reject authorization,https://www.youtube.com/watch?v=1ITmGXHSmL0,yes
Commercial real estate debt collapse; how NYC's problems are about to become yours!,https://www.youtube.com/watch?v=qxCVUpaelHw,yes
Texas bill strikes down labor laws granting workers breaks,https://www.youtube.com/watch?v=J1WqDHjbrSk,yes
why I quit being a gamer,https://www.youtube.com/watch?v=yWRikBPLZDc,yes
"restricting you was NEVER for your safety, or your benefit",https://www.youtube.com/watch?v=kE920lEOLF0,yes
"Amazon's latest FTC lawsuit is a JOKE! FTC is ""consumer protection theater""",https://www.youtube.com/watch?v=9_uMnVjxsHY,yes
Amazon cancelled my account after exposing their wrongful lockout of a paying customer,https://www.youtube.com/watch?v=Kcohq313q00,yes
"AdBlock and Signal are for terrorists, according to the French government",https://www.youtube.com/watch?v=1q1hjmwLqe4,yes
Replacing a Volkswagen car battery requires specialized software or a trip to the dealer,https://www.youtube.com/watch?v=7Gp90hhloSA,yes
"Sometimes, the best way to get what you want is to be a good person",https://www.youtube.com/watch?v=RqUiVkDeGk8,yes
Entitled business owner demands you pay their employees - the problem with tipping culture,https://www.youtube.com/watch?v=_lHPqVLmYKk,yes
What pisses me off about the failed Reddit protest...,https://www.youtube.com/watch?v=VYij7Ic5p8k,no
"Man locked out of amazon account over his doorbell gets account back, but no apology",https://www.youtube.com/watch?v=SyEgD-5GK9c,yes
EU votes to mandate removable batteries in smartphones in a landslide; no more glued together junk!,https://www.youtube.com/watch?v=Yn-R39-dtc0,yes
Reddit CEO learns going to war with the internet is a losing battle,https://www.youtube.com/watch?v=Cb458PRJ43s,yes
The FTC FAILS at their job - companies break the law & face NO CONSEQUENCES!,https://www.youtube.com/watch?v=HibW8CQK1js,yes
Reddit forcibly breaks strike; this is an uninvestable company!,https://www.youtube.com/watch?v=JPLbnNDjo5Y,no
"iCloud unlocking goes mainstream, Apple turns a blind eye",https://www.youtube.com/watch?v=FCSCq5rGxDI,yes
"NHTSA's sabotage of RIght to Repair discussed with coalition leader, Tommy Hickey",https://www.youtube.com/watch?v=2MQEXPgbgZU,yes
"Reddit CEO calls unpaid moderators' concerns ""noise"" - time to send a message he won't forget.",https://www.youtube.com/watch?v=ZOm_UKGyrZg,yes
Biden administration destroys right to repair in the most corrupt way possible üòû,https://www.youtube.com/watch?v=2nXVljRUnoc,yes
We need to talk about the comments on yesterday's Amazon video...,https://www.youtube.com/watch?v=PRGszw0KubQ,yes
Amazon accuses customer of racism & shuts down their smart home - enough cloud junk,https://www.youtube.com/watch?v=NfiIXooD77s,yes
"A word on reddit, blackouts, & effective protesting",https://www.youtube.com/watch?v=U06rCBIKM5M,yes
The Onewheel Pint X has a dangerous design flaw that Future Motion refuses to acknowledge,https://www.youtube.com/watch?v=vqKgcoA8Kbc,yes
"Youtube's war on adblockers continues, sends cease & desist to invidious.io - you know what to do üòâ",https://www.youtube.com/watch?v=PTmZv7-eMrE,yes
NYC's failing train system gets even worse: adding gates is not a solution,https://www.youtube.com/watch?v=KOZ1gImdsl0,yes
Abbott gaslights customers during FDA recall of burning glucose monitors,https://www.youtube.com/watch?v=WTfpyi1Vf1A,yes
twitch continues to destroy their platform,https://www.youtube.com/watch?v=AdE-T8h8Xt0,yes
Gigabyte's response to poorly made GPUs is informative and unfortunate,https://www.youtube.com/watch?v=JFgsL5NFn_Y,yes
People more likely to fix old devices due to inflation; rising prices is killing consumerism,https://www.youtube.com/watch?v=Z-pml0umi8E,yes
Why I will never own an Amazon ring camera - indoor cloud cameras are a bad idea,https://www.youtube.com/watch?v=jMuRavcHCDs,yes
Macbook repair that didn't work üò¢,https://www.youtube.com/watch?v=slFd0SQM6Js,error
Reddit is killing their brand in the worst possible way,https://www.youtube.com/watch?v=JqL-G3GFqRU,yes
Your car is now a billboard for ads,https://www.youtube.com/watch?v=m96Gqi9q6Ec,yes
"""mask off""",https://www.youtube.com/watch?v=QRGoRW68n6I,yes
"Judge denies automakers right to repair injunction - your car, your data",https://www.youtube.com/watch?v=nYRTdKE0MEA,yes
Thank you to the best audience a guy could ask for for these amazing contributions,https://www.youtube.com/watch?v=3m1LRO6YMMo,yes
California's Right to Repair bill passed through the senate; let's read it.,https://www.youtube.com/watch?v=_bn67Jklumg,yes
"Clover screws over restaurants after ""no surprises"" advertising campaign",https://www.youtube.com/watch?v=zQM2cTxpfJc,yes
6 days left to dump Square merchant services before they begin screwing small businesses,https://www.youtube.com/watch?v=GCrxL-lc9d8,yes
"Car ""subscription"" gaslighting - this is NOT a fallacy, it's real!",https://www.youtube.com/watch?v=-SKc9rnYujU,yes
Louis(34) cringes at Louis(25)'s HORRIBLE videos,https://www.youtube.com/watch?v=yEGUnomc9wE,no
Statistics vs. reality,https://www.youtube.com/watch?v=WN7A1VYnED4,no
"Nikon limits customers to using OEM batteries ""for your safety""",https://www.youtube.com/watch?v=ZkMH5D5iiwA,yes
"Who owns this camera, Nikon? Me or you?",https://www.youtube.com/watch?v=TPyX1WBzxN8,yes
The military owns nothing - can't fix its own billion dollar aircraft,https://www.youtube.com/watch?v=3RuB-fB7X8I,yes
Canon refuses to provide customer a screw; why I buy Sony cameras instead,https://www.youtube.com/watch?v=8zFVa8naEZQ,yes
"HP printer with ink DRM gets ""environmentally friendly"" stamp of approval üòû",https://www.youtube.com/watch?v=oVWk9Zh82O4,yes
Work from home is decreasing inflated commercial property values,https://www.youtube.com/watch?v=Yafvra3AN4g,no
CD3217 shorted to ground Macbook logic board repair,https://www.youtube.com/watch?v=m_0bDq5O_vQ,error
Why I deleted GrapheneOS,https://www.youtube.com/watch?v=4To-F6W1NT0,yes
Lobbying shouldn't be illegal - here's why,https://www.youtube.com/watch?v=b7MZaWIlJEo,yes
Doordash driver loses it after getting $0 tip,https://www.youtube.com/watch?v=OQKqebNyN48,yes
Right to repair signed into law in Minnesota - we won!,https://www.youtube.com/watch?v=IWcMgEob5zM,yes
California senator blocking right to repair for 2 years finally lets it through; I don't trust him.,https://www.youtube.com/watch?v=dbXMp5OFY6U,yes
Congresswoman who owns autoshop introduces federal right to repair bill!,https://www.youtube.com/watch?v=5xKcvg31UYM,yes
New York raises prices AND taxes on subway service people are no longer willing to pay for ü§°,https://www.youtube.com/watch?v=kwBBjAChTBQ,yes
Why I will NEVER pay for YouTube Premium ever again!,https://www.youtube.com/watch?v=4Q3ZXQZZlcE,yes
NYC installs kiosks in bodegas to combat rising theft - WTF,https://www.youtube.com/watch?v=oVOkbjukvNI,yes
"""Working from home is immoral"" - businessowner's opinion of Elon Musk's verbal diarrhea",https://www.youtube.com/watch?v=Y53elVaJUew,yes
Wheelchair right to repair is going mainstream!,https://www.youtube.com/watch?v=7a6zTIrRrdc,yes
"NYC losing hundreds of millions as commuters jump turnstiles, refuse to pay for subway",https://www.youtube.com/watch?v=T_Uxe5sCyvw,yes
Apple's repair program is a sham,https://www.youtube.com/watch?v=qV4_mLw2BGM,yes
We're racking up wins like never before; all thanks to the viewers of this channel.,https://www.youtube.com/watch?v=h1GMPBISViI,yes
People are lining up for a free TV that spies on you,https://www.youtube.com/watch?v=gdFPtEtMVYg,yes
San Francisco bakery scammed by city program after spending $27k repairing vandalism,https://www.youtube.com/watch?v=-5u34J_3I38,yes
France investigates Apple over parts serialization - GOOD!,https://www.youtube.com/watch?v=ki5jSAyS8tA,yes
they keep getting worse and worse...,https://www.youtube.com/watch?v=1Qp_3vB4GdQ,yes
the loaf,https://www.youtube.com/watch?v=DEeHPQKPJWs,no
Issue tracker for Sandisk 4 TB SSDs; input  from users appreciated!,https://www.youtube.com/watch?v=juNv8D0nZa4,yes
"Introducing Rossmann senior, a genuine fossil üòÉ",https://www.youtube.com/watch?v=qBHgJx_rb8E,no
Am I wrong about CompTIA?,https://www.youtube.com/watch?v=TmV8eAtXc3s,yes
How FUTO projects loosen Google's grip on your life!,https://www.youtube.com/watch?v=CjOJJc1qzdY,yes
a private moment between a man and his kitten,https://www.youtube.com/watch?v=0A10JtkkL9A,no
"Is Texas mandating auto repair shops use OEM parts? SB1083 analysis & breakdown; tldr, no.",https://www.youtube.com/watch?v=zbHq5_1Cd5U,yes
Who owns this?,https://www.youtube.com/watch?v=6Fv8bd9ICb4,yes
I owe you all an apology,https://www.youtube.com/watch?v=YWICHNEHHeU,yes
Microsoft supports right to repair bill in Washington; what's the catch?,https://www.youtube.com/watch?v=MztKFKPYfp4,yes
https://youtu.be/YWICHNEHHeU,https://www.youtube.com/watch?v=XvEVEP75DYk,yes
why I'd be happy never getting mentioned again,https://www.youtube.com/watch?v=FQr4_V9ifMo,yes
Apple said they needed a new motherboard; it was just an angle sensor...,https://www.youtube.com/watch?v=yG6hCH3XAJE,yes
I made Apple a promise I'll never forget,https://www.youtube.com/watch?v=aohxUzCPeuU,yes
another company bricking devices after the sale,https://www.youtube.com/watch?v=xcskKopBUQg,yes
EU isn't tolerating Apple's shameless money grab,https://www.youtube.com/watch?v=zxaO5dO36Sk,yes
NYC marine charged with homicide after choking Jordan Neely in subway,https://www.youtube.com/watch?v=HRkIi857ncs,no
The US government has gone too far,https://www.youtube.com/watch?v=n1S7PSyrvSs,yes
where is everyone?,https://www.youtube.com/watch?v=v8kJOB3SfDU,no
NYC sees 500% increase in car thefts - clown mayor wants to fix it with AIRTAGS!,https://www.youtube.com/watch?v=9wr_yZ91pic,no
VICE's bankruptcy was earned: here's why,https://www.youtube.com/watch?v=Nj3YbdgZUO4,yes
Apple authorized resellers can sell knockoff airpods?,https://www.youtube.com/watch?v=Y12_kmttOJM,yes
Why Blackberry the kitten got kicked out of the shop,https://www.youtube.com/watch?v=wAxOL8DuO0U,no
Amazon asks customers to recycle hardware they just purchased; more cloud junk,https://www.youtube.com/watch?v=61KcJPFCcWU,yes
Apple asked me to sign an NDA?? Should I do it?,https://www.youtube.com/watch?v=MHhGBvfGams,yes
"Consumer backlash against touchscreens in cars is winning; automakers concede, return to buttons.",https://www.youtube.com/watch?v=RVZoXGB5vNI,yes
Youtube revenue declining; was this ever a viable business model?,https://www.youtube.com/watch?v=oyZs9XbKFNM,no
Native Texan vs. Patrick - native Texan wins,https://www.youtube.com/watch?v=TBxEBq1mgaU,no
FUTO Fellowship program interview; linux captions software,https://www.youtube.com/watch?v=r09Hm2zd2lY,yes
Apple just can't help themselves...,https://www.youtube.com/watch?v=wadbTzeO7As,yes
"after ten years, John Deere FINALLY lost",https://www.youtube.com/watch?v=4gZwaIjpZB0,yes
Amazon has gone too far,https://www.youtube.com/watch?v=PPIZsDQNYlk,yes
Why I hid the truth for a year; and why I regret it.,https://www.youtube.com/watch?v=qGd_Ixy9Mzc,yes
MINNESOTANS RISE UP!,https://www.youtube.com/watch?v=-0ncJWXk3zs,yes
"NYC government employee says he'll find & shoot citizen calling about water bill, doesn't get fired!",https://www.youtube.com/watch?v=3wbqNvIFRl8,no
"a sad, depressed duck. can we cheer him up?",https://www.youtube.com/watch?v=mdWMWkb94zg,no
NYC building collapses with fatal results: 10+ year old concrete violations in cracking building,https://www.youtube.com/watch?v=TSD_alKRSmk,yes
Imagine owning something,https://www.youtube.com/watch?v=EuYME93DUMU,yes
Louis Rossmann's financial disclosures: detailed & open to Q&A.,https://www.youtube.com/watch?v=sW_Q7Sc0Dtg,yes
Let's talk about the big lie,https://www.youtube.com/watch?v=rtL_du-9kE8,yes
Cost of living in major US cities has spiraled out of control,https://www.youtube.com/watch?v=qZTF4_IBSds,no
Chris has a bad day,https://www.youtube.com/watch?v=OQZ4bSGBxb4,no
Let's talk about when you know you're winning,https://www.youtube.com/watch?v=6UmyoeXrCRE,yes
let's talk about when companies wanted fixing books for resale to be a crime,https://www.youtube.com/watch?v=oHRHAWJowcs,yes
Replika brings back the fake AI boyfriend for disgruntled customers,https://www.youtube.com/watch?v=41F6o1WIneA,no
Medical expert Bill Bassuk explains compliance regulations to defend right to repair,https://www.youtube.com/watch?v=B7xk0Lbw6SQ,yes
I have the best audience in the world,https://www.youtube.com/watch?v=HsQ5U9IQChI,yes
Louis meets man with knife,https://www.youtube.com/watch?v=FsdlX8oKjaY,no
Is it ok to bulldoze someone's house if they're accused of a crime?,https://www.youtube.com/watch?v=wRdhqMjk2iw,yes
Apple sales down over 40% - are they finally getting theirs?,https://www.youtube.com/watch?v=6RDZrBADTOo,yes
Tesla sued over creepy spying voyeur employees,https://www.youtube.com/watch?v=DZu-gNZcV-I,yes
Atlanta's city council is an embarrassment to America üò¢,https://www.youtube.com/watch?v=FQHVc23FPdc,yes
Let's talk about this channel never changing,https://www.youtube.com/watch?v=Ea9oDKOV0f4,yes
Jon Stewart checkmates deputy secretary of defense,https://www.youtube.com/watch?v=MBNG2pKfraQ,yes
This NYC criminal judge is a DISGRACE,https://www.youtube.com/watch?v=SeXs0rZDHpc,no
Progress on my charity pet project,https://www.youtube.com/watch?v=i5H350k0Obs,yes
Man vs. Printer part 4; the longest foreverwar,https://www.youtube.com/watch?v=E77Wqbi05ok,no
"Canadians get gaslit about housing prices - ""affordability is improving!""",https://www.youtube.com/watch?v=y6YAOZ8G4VE,yes
Apple responded to me üòÉ,https://www.youtube.com/watch?v=xwQTdF1RfRk,yes
Tesla voyeur employees spy on customers - these creeps should lose their jobs,https://www.youtube.com/watch?v=3PnZ1szh6Dg,yes
New York employers may owe fired employees four years of pay - I got out just in time...,https://www.youtube.com/watch?v=1CVPoAywGag,yes
Louis Rossmann takes aspergers quiz,https://www.youtube.com/watch?v=GEEZIuYVmqQ,no
Louis' core business principle matches Gregory House's - everybody lies,https://www.youtube.com/watch?v=9yu0yBjSIf4,no
"Google's ""We'll fix pixel greenscreen in a software update"" is nonsense!",https://www.youtube.com/watch?v=WcW7iiWvvmY,yes
New York wants me to pay them taxes in Texas - WHAT THE F*%#,https://www.youtube.com/watch?v=amKt6B-EtvQ,yes
Car subscriptions are out of control; survey says consumers are tired of it.,https://www.youtube.com/watch?v=-CprKqnfsqU,yes
This is weird,https://www.youtube.com/watch?v=tZ-r-UOAqZU,no
Waves moves to subscription model; am I a hypocrite for approving of this?,https://www.youtube.com/watch?v=KdWyfCHJVgs,yes
